src,dst,proto,fwd_packets,bwd_packets,fwd_bytes,bwd_bytes,total_packets,total_bytes,pkt_len_mean,pkt_len_max,pkt_len_min,pkt_len_std,fwd_iat_mean,fwd_iat_max,fwd_iat_min,fwd_iat_std,bwd_iat_mean,bwd_iat_max,bwd_iat_min,bwd_iat_std,syn_count,ack_count,fin_count,rst_count
172.20.0.20,172.20.0.10,1,29,29,2842,2842,58,5684,98.0,98,98,0.0,1.1951851844787598,5.878046989440918,1.0000181198120117,0.9012392576771027,1.1951696106365748,5.878122806549072,0.999561071395874,0.9012572928440463,0,0,0,0
172.20.0.20,172.20.0.10,6,1000,1000,58000,54000,2000,112000,56.0,58,54,2.0,4.062160953983769e-05,0.0010519027709960938,1.7881393432617188e-05,6.287345855556638e-05,4.05996530740946e-05,0.0009100437164306641,1.7881393432617188e-05,6.264336698168437e-05,1000,1000,0,1000
